wdid,teff,logL,parallax,Dpc,G,BP,RP
2MASS J09411519+0901549,8634.0,,11.16901593,89.53,16.76026,16.822279,16.632137
2MASS J10180002+0838206,7539.0,,22.87574769,43.71,16.326914,16.43801,16.10431
2MASS J12334759+1253454,6698.0,,19.85342369,50.37,17.10441,17.276392,16.79894
6dFGS gJ215027.8-011348,8652.0,,11.03552438,90.62,17.444263,17.48999,17.321117
A2 287,9134.0,,10.28564664,97.22,17.412134,17.458279,17.328959
BD-18 3019B,5736.0,-3.77,53.19044394,18.80,15.440838,15.718997,14.918241
CSO 1025,8046.0,,11.62402545,86.03,17.617304,17.706816,17.430878
EGGR 182,9527.0,-3.28,43.36369274,23.06,15.069597,15.106783,14.978534
EGGR 251,8053.0,-3.33,36.22795888,27.60,15.111236,15.192717,14.9442215
EGGR 262,9851.0,-2.88,31.02195154,32.24,14.998784,15.035167,14.91646
EGGR 362,6372.0,,23.30869684,42.90,16.908352,17.071672,16.512104
EGGR 507,7902.0,-3.3,45.28594097,22.08,14.852538,14.959427,14.647421
EGGR 51,6807.0,-3.63,41.0293063,24.37,15.51226,15.688606,15.197553
EGGR 532,8440.0,,16.78022708,59.59,16.667257,16.741138,16.534285
G 34-49,7468.0,,16.34277235,61.19,17.111774,17.239735,16.917555
GD 311,7307.0,,17.17789146,58.21,16.3513,16.475676,16.123848
GD 352,7822.0,,17.98232568,55.61,16.755936,16.861528,16.577835
GD 524,14331.0,,21.24114826,47.08,16.142376,16.07471,16.267378
GJ 1015 B,10487.0,-3.05,43.65935569,22.90,13.998035,14.009648,13.946325
GJ 1086,6228.0,-3.8,89.1120674,11.22,14.425181,14.690135,13.992338
GJ 2012,5262.0,-3.94,109.9276417,9.10,14.297183,14.665041,13.753858
GJ 3306,6601.0,-3.61,106.3389897,9.40,13.600672,13.80703,13.237787
GJ 3614,5754.0,-4.14,70.83755934,14.12,15.838033,16.092281,15.345789
GJ 440,8062.0,-3.28,215.6752734,4.64,11.423104,11.515765,11.230018
GJ 836.5,7516.0,-3.09,90.54537622,11.04,13.174672,13.252464,13.018805
GJ 841 B,6549.0,-3.44,67.30235878,14.86,14.51622,14.718405,14.137174
GJ 893.1,7630.0,-3.39,38.5786,25.92,15.3245,15.4424,15.0912
Gaia DR2 1015768939554753920,5303.0,,12.13135161,82.43,19.084715,19.435272,18.55707
Gaia DR2 101854122928108288,7826.0,,13.53493224,73.88,17.43848,17.543085,17.270504
Gaia DR2 1077834348013805440,8663.0,,16.746438,59.71,16.937275,17.04283,16.773687
Gaia DR2 1078435609075419264,8793.0,,19.08189145,52.41,16.888966,16.978073,16.736355
Gaia DR2 113243787786327296,6522.0,,10.17849156,98.25,19.255236,19.670856,18.782766
Gaia DR2 1233331229487768448,5803.0,,15.50867407,64.48,18.362593,18.691408,17.888842
Gaia DR2 1260450030951612416,5480.0,,14.44517496,69.23,18.488813,18.852987,17.982582
Gaia DR2 1416764167393932160,4907.0,,11.80927314,84.68,19.579376,20.258215,18.92769
Gaia DR2 1422782516088307840,17251.0,,10.46274527,95.58,17.362808,17.274187,17.571762
Gaia DR2 1428562506980546688,7882.0,,10.67330199,93.69,18.23513,18.3613,17.976433
Gaia DR2 1523861990123367808,5608.0,,10.56164767,94.68,19.638752,20.112766,19.005623
Gaia DR2 15592281767723392,5199.0,,11.01243294,90.81,19.136387,19.537151,18.492641
Gaia DR2 1627688941853399680,7936.0,,10.36923899,96.44,17.923035,18.026276,17.78112
Gaia DR2 1687084559986707840,6075.0,,10.7471946,93.05,18.630543,18.884802,18.14696
Gaia DR2 1711656828096550272,9235.0,,15.44836959,64.73,16.891981,16.9745,16.762005
Gaia DR2 187330225592045824,6173.0,,18.96774271,52.72,17.396095,17.679884,16.939953
Gaia DR2 1920126431748251776,,,13.18883188,75.82,16.031506,16.145939,15.71236
Gaia DR2 1937827194563435648,8833.0,,11.85123812,84.38,17.496553,17.552216,17.299967
Gaia DR2 1937913952906030848,8692.0,,12.75957477,78.37,17.412806,17.501972,17.242815
Gaia DR2 19399306419780224,6163.0,,12.22596422,81.79,18.780735,19.069756,18.274252
Gaia DR2 195470288131984128,8952.0,,27.84142839,35.92,15.533141,15.595385,15.406548
Gaia DR2 1960003244583384960,8812.0,,10.10608722,98.95,17.983297,18.081978,17.83438
Gaia DR2 1972829799343330432,9287.0,,11.4694822,87.19,17.476673,17.550209,17.357515
Gaia DR2 2010655404533609216,5585.0,,13.82343774,72.34,18.565985,18.933311,18.058075
Gaia DR2 2036011173452836736,9963.0,,12.44031066,80.38,17.861334,17.919294,17.774744
Gaia DR2 2047102054631445504,4543.0,,13.47192601,74.23,18.849737,19.405306,18.202982
Gaia DR2 2066251179185657856,8668.0,,11.87328067,84.22,17.299803,17.357431,17.219007
Gaia DR2 2085482947528338560,8205.0,,17.28751934,57.85,17.079435,17.203465,16.873371
Gaia DR2 2087569060381096960,12789.0,,13.52886664,73.92,17.342812,17.320347,17.435766
Gaia DR2 2091088597099984000,6554.0,,10.00157399,99.98,18.664448,18.911602,18.310102
Gaia DR2 2117089573196362112,8841.0,,13.36514769,74.82,17.356127,17.45,17.205103
Gaia DR2 2122880116823483776,5005.0,,10.7997111,92.60,19.913002,20.354177,19.376532
Gaia DR2 2183635178007956736,9073.0,,15.19015117,65.83,16.99807,17.083906,16.847713
Gaia DR2 2208124536065383424,8971.0,,12.38911715,80.72,16.42019,16.48569,16.221573
Gaia DR2 2253826832091026560,12059.0,,11.5960218,86.24,17.518778,17.478075,17.58509
Gaia DR2 2283760245882786560,5473.0,,14.6514188,68.25,18.331432,18.646137,17.83861
Gaia DR2 2307289214897332480,8903.0,,10.67864757,93.64,16.259844,16.301641,16.130476
Gaia DR2 2310995767378550016,8219.0,,17.84885032,56.03,16.945953,17.017633,16.803658
Gaia DR2 2324148950103276800,5794.0,,18.59695228,53.77,18.53695,19.070457,17.8193
Gaia DR2 2388641457465576192,7508.0,,16.11961694,62.04,17.15294,17.27307,16.934175
Gaia DR2 2397370823876081408,8283.0,,15.54029928,64.35,16.929832,16.99888,16.790033
Gaia DR2 2424913628807069056,7784.0,,10.90390996,91.71,17.880392,17.977648,17.69674
Gaia DR2 2528877194857837184,5506.0,,23.12271337,43.25,16.74807,17.086424,16.24046
Gaia DR2 2585711397573234816,8873.0,,11.70213867,85.45,17.317318,17.396122,17.227606
Gaia DR2 2589844972883309568,5988.0,,11.76413886,85.00,18.60063,18.82342,18.222893
Gaia DR2 2632639545983774848,10254.0,,13.054789,76.60,17.628353,17.68424,17.54851
Gaia DR2 2662208372887759744,11059.0,,15.34568694,65.16,17.121572,17.131325,17.120916
Gaia DR2 2807784223505933952,8528.0,,14.44725806,69.22,17.225393,17.342003,17.04773
Gaia DR2 2832497985019340416,8167.0,,10.11170563,98.90,17.88095,17.980658,17.701902
Gaia DR2 2889456359534732800,7698.0,,10.59467808,94.39,17.86459,17.97835,17.652458
Gaia DR2 2911288266709958272,8972.0,,11.65991789,85.76,17.53901,17.625465,17.378376
Gaia DR2 2935415125246460032,6077.0,,12.54381831,79.72,18.71894,19.031147,18.175571
Gaia DR2 2957248776169007616,6444.0,,17.16101927,58.27,17.862957,18.106316,17.44893
Gaia DR2 2959844589980615936,9478.0,,23.03129056,43.42,16.803085,16.8642,16.659874
Gaia DR2 298575474900387072,7104.0,,15.72257081,63.60,17.544573,17.65564,17.206902
Gaia DR2 3030820432081929088,4362.0,,13.01656852,76.83,18.873,19.563345,18.094795
Gaia DR2 3055999768051212416,12051.0,,12.88867772,77.59,17.519753,17.507843,17.545973
Gaia DR2 3075976794811325952,5317.0,,13.43375571,74.44,18.669443,19.04871,18.140827
Gaia DR2 3114596105649038208,5017.0,,16.83517342,59.40,18.384293,18.821815,17.792269
Gaia DR2 3152802902063152896,7185.0,,12.35425802,80.94,18.194775,18.41461,17.880907
Gaia DR2 3200232157189930880,7532.0,,15.19778202,65.80,17.24718,17.361843,17.049486
Gaia DR2 3225569371860436096,8800.0,,11.14014444,89.77,17.786905,17.89866,17.626333
Gaia DR2 3328058591603302784,9145.0,,13.31015791,75.13,17.242142,17.322998,17.104685
Gaia DR2 3412412539568873728,7712.0,,11.53520519,86.69,18.169039,18.304152,17.90569
Gaia DR2 3448161618255210368,8923.0,,13.46676995,74.26,17.923002,18.059961,17.795708
Gaia DR2 3471371484080115456,6074.0,,12.19574292,82.00,18.439518,18.669426,18.013306
Gaia DR2 3491005871238965632,5768.0,,11.65999388,85.76,18.009335,18.346796,17.503992
Gaia DR2 3508725463193741696,8436.0,,17.49076713,57.17,17.163004,17.271408,16.978085
Gaia DR2 3547367563129984384,8953.0,,15.09787305,66.23,17.429052,17.512165,17.286856
Gaia DR2 3562398363821309440,5597.0,,10.49735877,95.26,19.2364,19.523594,18.784733
Gaia DR2 357457350520905216,8154.0,,17.6436291,56.68,16.992226,17.113688,16.800192
Gaia DR2 3590076408682937600,8064.0,,14.18079488,70.52,17.231571,17.323975,17.06757
Gaia DR2 3607853003443272576,8594.0,,19.90953698,50.23,16.590311,16.688353,16.391933
Gaia DR2 3624419787520057472,7925.0,,21.28446602,46.98,16.71294,16.84941,16.458605
Gaia DR2 3684069981248650624,8192.0,,11.73969182,85.18,17.858234,17.981218,17.618374
Gaia DR2 3699324841795942272,5384.0,,11.15849388,89.62,19.361649,19.774067,18.823599
Gaia DR2 3770654288553791232,7914.0,,14.55790845,68.69,17.119724,17.218803,16.958925
Gaia DR2 3790932787663209344,7846.0,,11.77186363,84.95,17.73723,17.84117,17.569931
Gaia DR2 3961323069532233984,5657.0,,11.95706609,83.63,18.71718,19.01596,18.274084
Gaia DR2 401215160231429120,12321.0,,12.01023912,83.26,17.74022,17.714777,17.781488
Gaia DR2 4057119497570789888,8429.0,,10.2442741,97.62,17.990429,18.104864,17.801304
Gaia DR2 4128167950420485632,13762.0,,11.57624747,86.38,17.485718,17.42934,17.613796
Gaia DR2 4131862957999471744,4421.0,,16.64028529,60.10,18.649324,19.15519,17.986368
Gaia DR2 413330854959153792,7914.0,,13.30914876,75.14,18.019417,18.136992,17.819265
Gaia DR2 4139684681854263936,7493.0,,16.67321593,59.98,17.404943,17.564974,17.124004
Gaia DR2 4140966708116861440,6007.0,,10.61181866,94.23,18.88717,19.096497,18.548754
Gaia DR2 4213471120498390784,14499.0,,17.66551687,56.61,16.568048,16.489403,16.670855
Gaia DR2 4336571785203401472,12008.0,,14.67439787,68.15,17.37311,17.37136,17.387665
Gaia DR2 4359722208685335552,6065.0,,25.9979958,38.46,16.770056,17.046135,16.34175
Gaia DR2 4401198845301201152,7804.0,,10.01293607,99.87,18.450573,18.576906,18.292538
Gaia DR2 442497084509645568,9241.0,,19.14101184,52.24,16.348726,16.415928,16.2159
Gaia DR2 446203228969067392,8696.0,,10.2461862,97.60,17.916798,18.000282,17.745077
Gaia DR2 4508113436149576960,7788.0,,10.94629514,91.36,17.78308,17.914776,17.595182
Gaia DR2 4520056606339200640,4060.0,,20.61910168,48.50,18.410812,19.093739,17.6414
Gaia DR2 4523862325302052736,7896.0,,10.58656592,94.46,17.86885,17.960802,17.634619
Gaia DR2 4555293235271174016,5880.0,,11.49704468,86.98,19.10975,19.469217,18.700794
Gaia DR2 4577259489030858240,9620.0,,11.41623314,87.59,17.409222,17.467436,17.28976
Gaia DR2 4653722929233862272,8021.0,,23.05140529,43.38,16.126148,16.194866,15.928379
Gaia DR2 4653893040002306432,,,18.57425512,53.84,13.801808,13.932969,13.416043
Gaia DR2 4712727980220151424,8581.0,,13.06664336,76.53,17.091269,17.160984,16.992622
Gaia DR2 4776336720752166912,8081.0,,10.04231078,99.58,18.094498,18.197844,17.957695
Gaia DR2 4800846724720035200,7604.0,,13.5690017,73.70,17.4673,17.573837,17.263094
Gaia DR2 4810712058441496704,7911.0,,10.85592964,92.12,17.85211,17.966354,17.65222
Gaia DR2 485919719266692736,8928.0,,11.13904305,89.77,17.768063,17.878807,17.616611
Gaia DR2 4880759500412788352,8532.0,,14.65386544,68.24,17.224804,17.334583,17.030294
Gaia DR2 4882772946717904768,9162.0,,10.61757286,94.18,19.519947,19.594288,19.420473
Gaia DR2 4895488558175045504,8755.0,,16.71092873,59.84,16.900244,16.991129,16.722885
Gaia DR2 4921827187420093568,6947.0,,10.75186738,93.01,17.920101,18.110283,17.626879
Gaia DR2 4930701590582509056,8162.0,,12.04130199,83.05,17.47827,17.56036,17.308
Gaia DR2 4944707234120342528,7914.0,,11.48941651,87.04,17.615246,17.705236,17.470503
Gaia DR2 5012284833670868736,6582.0,,10.24950312,97.57,19.402529,19.695616,18.989561
Gaia DR2 5025231827901569664,8082.0,,14.59969779,68.49,17.981922,18.10927,17.749409
Gaia DR2 5028370104669522816,7121.0,,10.60687309,94.28,18.11369,18.259382,17.863039
Gaia DR2 5047855310435741312,7956.0,,13.33430259,74.99,17.143024,17.215204,17.013866
Gaia DR2 5171072763900932480,7031.0,,14.70295774,68.01,19.282001,19.94428,18.368343
Gaia DR2 5207394168452773888,5940.0,,10.98404224,91.04,19.326204,19.86999,18.594687
Gaia DR2 522258333750337536,8874.0,,16.73997919,59.74,16.908798,16.989658,16.733088
Gaia DR2 5226982071180464768,8014.0,,13.6405495,73.31,17.205168,17.288546,17.065136
Gaia DR2 5261849646481125760,8066.0,,10.90467834,91.70,18.356785,18.387981,18.176786
Gaia DR2 5271072526109138176,4443.0,,25.71869041,38.88,18.157343,18.78406,17.427525
Gaia DR2 5319588923360632704,7567.0,,13.06942673,76.51,17.661964,17.775272,17.455246
Gaia DR2 5339103433752838528,8152.0,,16.59433815,60.26,16.706913,16.783157,16.576204
Gaia DR2 5341290362323438592,6307.0,,14.88098876,67.20,18.764244,19.149092,18.223942
Gaia DR2 5389748622894270848,7584.0,,14.12710353,70.79,16.566902,16.684942,16.338036
Gaia DR2 5426155304016807296,5948.0,,11.39454206,87.76,19.12741,19.674526,18.440493
Gaia DR2 5432581777684448128,6658.0,,16.1868455,61.78,17.845371,18.119379,17.403463
Gaia DR2 5445784850748180480,11128.0,,10.73860095,93.12,17.710142,17.722612,17.674208
Gaia DR2 5451489087009920512,6621.0,,11.16114352,89.60,18.701298,18.987047,18.265898
Gaia DR2 5494231295867704064,5591.0,,13.76195785,72.66,19.240068,20.018557,18.385042
Gaia DR2 5511401509966160640,6064.0,,10.46421144,95.56,19.509296,20.003958,18.859922
Gaia DR2 5556836487225922688,7553.0,,15.43841989,64.77,17.265278,17.377083,17.062185
Gaia DR2 5578736014371090944,6833.0,,11.41049743,87.64,18.10435,18.30295,17.791878
Gaia DR2 5594002664608604160,8502.0,,17.66657451,56.60,17.12163,17.194733,16.976738
Gaia DR2 5597759970724418688,5681.0,,28.5361036,35.04,16.797237,17.108988,16.295696
Gaia DR2 5598501969274505344,8245.0,,14.48117688,69.06,17.353344,17.452116,17.146412
Gaia DR2 5598574704531141120,6321.0,,19.0493108,52.50,17.595474,17.940004,17.048243
Gaia DR2 5637806898615491968,8800.0,,13.39535861,74.65,17.371416,17.46484,17.222857
Gaia DR2 5695851796776718336,9324.0,,10.675014,93.68,17.749895,17.85911,17.606997
Gaia DR2 572196060232187008,8818.0,,10.69424327,93.51,17.821041,17.931879,17.65424
Gaia DR2 5726392656382909568,8883.0,,11.51760476,86.82,17.570189,17.660498,17.411663
Gaia DR2 5765270154886903168,5655.0,,26.41670345,37.85,17.48541,17.806652,16.99069
Gaia DR2 5777914298089581952,7488.0,,17.52002715,57.08,16.87199,16.98446,16.668255
Gaia DR2 5796911415176751360,8480.0,,12.35728215,80.92,17.390928,17.477707,17.291111
Gaia DR2 5873955745478729984,5876.0,,15.74582844,63.51,18.637861,19.204319,17.939219
Gaia DR2 5893466270046122752,7483.0,,10.81635492,92.45,18.002153,18.123215,17.77067
Gaia DR2 5898935893701856128,6553.0,,31.59457187,31.65,16.327377,16.534853,15.949574
Gaia DR2 5902612969841664768,8872.0,,28.25985476,35.39,15.537917,15.604857,15.40823
Gaia DR2 5903884280152869632,7541.0,,44.27070083,22.59,15.042947,15.1659,14.807512
Gaia DR2 5909188663525260928,8088.0,,11.00090712,90.90,17.911015,18.016214,17.76499
Gaia DR2 5911947273786170496,6305.0,,14.71288834,67.97,18.338123,18.733147,17.790977
Gaia DR2 5958123734186527360,7923.0,,12.16538558,82.20,17.483627,17.587082,17.333595
Gaia DR2 6019514351770074112,7472.0,,22.3116796,44.82,16.43924,16.556202,16.233955
Gaia DR2 6079710620510474240,8497.0,,34.40654217,29.06,15.2387295,15.321067,15.082958
Gaia DR2 6092711658311010304,8047.0,,13.01425399,76.84,17.052315,17.11903,16.93243
Gaia DR2 6202013623890855936,6121.0,,19.42386655,51.48,17.82385,18.236904,17.254091
Gaia DR2 6264503856158313856,8864.0,,16.07030337,62.23,16.987612,17.068924,16.817286
Gaia DR2 6279455526367838592,7267.0,,11.8195259,84.61,19.230787,19.597572,18.63953
Gaia DR2 6288510657457924096,7420.0,,10.03569138,99.64,18.41424,18.60472,18.135487
Gaia DR2 6309127501205488512,8137.0,,13.94085477,71.73,17.371748,17.464867,17.203003
Gaia DR2 6337161371222804352,8930.0,,18.76430856,53.29,16.570415,16.662872,16.410643
Gaia DR2 6348333955549947648,7140.0,,16.81497778,59.47,17.239193,17.389034,16.990477
Gaia DR2 6429465338016396928,7287.0,,26.78684734,37.33,16.26142,16.404161,16.003143
Gaia DR2 6432211608825427328,6539.0,,12.87547929,77.67,18.563705,18.88594,18.11345
Gaia DR2 6443808776437948416,7100.0,,10.73913124,93.12,18.061485,18.209728,17.811592
Gaia DR2 6588835597091908096,8083.0,,13.68187127,73.09,17.311543,17.410166,17.168728
Gaia DR2 6589369272547881856,13294.0,,25.0946799,39.85,15.970132,15.935367,16.022438
Gaia DR2 6662451229171016576,8489.0,,17.12111062,58.41,17.29199,17.3609,17.152319
Gaia DR2 6680097978480311040,6969.0,,25.01958006,39.97,16.56364,16.72186,16.266113
Gaia DR2 6707015161298596608,7810.0,,15.2176495,65.71,17.002232,17.100033,16.839716
Gaia DR2 6711992543059488896,7545.0,,10.0758237,99.25,18.170923,18.317808,17.976303
Gaia DR2 6728838955276744832,6006.0,,10.93032215,91.49,19.174166,19.70985,18.556452
Gaia DR2 6778921675563038080,7396.0,,18.94567482,52.78,16.896532,17.002028,16.65105
Gaia DR2 6785440057231787520,9043.0,,13.0415609,76.68,17.359217,17.464685,17.178625
Gaia DR2 6889315284394862336,6808.0,,18.00228332,55.55,17.236956,17.401098,16.949759
Gaia DR2 761361190340648448,,,15.49397798,64.54,20.154566,21.058346,19.329292
Gaia DR2 864943569460727040,5252.0,,13.34478697,74.94,19.09788,19.6837,18.448662
Gaia DR2 963601717022097152,13211.0,,12.03899436,83.06,17.985924,17.964907,18.060154
Gaia DR3 6650228409380791040,7980.0,,16.53276514,60.49,16.901958,16.93293,16.722307
L 462-56 A,9232.0,-2.8,38.09532102,26.25,14.779759,14.827778,14.670979
LAWD 27,10393.0,-2.8,51.99704107,19.23,13.664935,13.681557,13.616167
LAWD 35,9136.0,-2.9,27.3302,36.59,15.2846,15.3163,15.1566
LAWD 66,9916.0,-2.93,44.08516975,22.68,14.253446,14.283638,14.179009
LB 8684,8349.0,,13.7795201,72.57,17.045977,17.110708,16.901466
LHS2086,7506.0,,24.0351,41.61,16.2833,16.3992,16.0739
LP 315-42,4595.0,-4.38,67.87941634,14.73,16.546818,17.352211,15.649454
LP 426-49,5372.0,-4.05,26.1242069,38.28,17.777176,18.456453,16.987068
LP 444-33,5499.0,-3.98,18.36528095,54.45,17.986805,18.36942,17.446253
LP077-057,5753.0,,17.33,57.70,17.790379,18.071535,17.314436
LSPM J0107+0102,6467.0,,10.66874973,93.73,18.563871,18.773584,18.211052
LSPM J0855+0639,7097.0,,13.25858147,75.42,17.714281,17.846045,17.465193
LSPM J0948+1232,6877.0,,12.23533774,81.73,18.118582,18.312183,17.864552
LSPM J1252+1943,6774.0,,12.87203678,77.69,17.786814,17.77592,17.300903
LSPM J1522+2535,8682.0,,10.46046963,95.60,17.522758,17.592236,17.402948
LSPM J1534+4145,7785.0,,15.18439835,65.86,17.144472,17.249731,16.960093
LSPM J1713+3240,7836.0,,14.51234194,68.91,17.25877,17.367332,17.088861
NLTT 31076,6247.0,,12.14962465,82.31,18.358175,18.564949,17.99915
NLTT 33455,7695.0,,11.87080574,84.24,17.662144,17.77248,17.473684
NLTT 54596,5875.0,-4.06,16.35492136,61.14,17.943913,18.248007,17.494
PG 0913+104,8512.0,-3.25,25.90297891,38.61,15.743719,15.812485,15.606804
PM J12476+0646,4685.0,-4.06,19.22914002,52.00,18.813498,19.44143,18.076006
SDSS J005505.42+085030.5,6676.0,,11.51313557,86.86,18.369453,18.570395,18.063639
SDSS J011639.84+234644.4,8045.0,,11.30719437,88.44,17.69516,17.802294,17.523102
SDSS J024802.27+340802.4,6043.0,,12.84221458,77.87,18.460215,18.762846,17.997799
SDSS J075230.92+444750.1,8990.0,,14.13015319,70.77,16.863993,16.919123,16.754818
SDSS J080455.42+171443.6,5361.0,,14.91542607,67.04,18.490076,18.823572,17.862751
SDSS J080558.83+072447.8,5388.0,,13.07654928,76.47,18.94274,19.403301,18.388103
SDSS J083231.57-040807.8,6701.0,,12.08082103,82.78,18.448576,18.654926,17.961988
SDSS J084131.55+332915.6,6650.0,,12.96822839,77.11,18.436111,18.42481,17.9649
SDSS J084531.38+614336.4,7961.0,,13.04319215,76.67,17.428879,17.532806,17.261034
SDSS J090632.17+470235.8,5540.0,,11.50624348,86.91,19.447596,20.103638,18.725811
SDSS J092613.45+472521.1,7011.0,,10.66691936,93.75,18.2417,18.385954,17.961134
SDSS J092909.03+331011.7,6429.0,,11.549981,86.58,18.413319,18.69014,17.909872
SDSS J094014.65+090641.8,6160.0,,11.12542581,89.88,18.576159,18.847534,18.167624
SDSS J102705.07+121836.0,7112.0,,10.28911729,97.19,18.464529,18.569092,18.218208
SDSS J102801.74+351257.9,5924.0,,13.65043716,73.26,18.70741,19.171293,18.14174
SDSS J110759.46+405910.8,6853.0,,18.38837766,54.38,17.080574,17.216085,16.799158
SDSS J110831.47+134950.7,7401.0,,11.054339,90.46,18.018482,18.13997,17.819477
SDSS J110912.21+424956.0,8916.0,,11.67348564,85.66,17.345423,17.399096,17.26412
SDSS J114006.35+182402.3,10111.0,,10.6201155,94.16,17.948763,17.991129,17.90595
SDSS J114136.53+383611.9,5857.0,,12.57014662,79.55,19.052828,19.581303,18.367369
SDSS J120049.38+423726.1,6198.0,,10.49884991,95.25,18.95136,19.234594,18.56286
SDSS J120154.70+340055.9,6094.0,-3.7,24.60549477,40.64,17.325068,17.583382,16.839825
SDSS J121211.03+545222.6,8138.0,,10.57005441,94.61,17.812204,17.9047,17.652184
SDSS J123534.86+391820.4,9082.0,,12.6571327,79.01,17.154331,17.180502,17.047176
SDSS J124926.17+280058.3,7468.0,,10.37119377,96.42,18.412716,18.569094,18.214823
SDSS J131640.71+081058.6,6733.0,,11.43013886,87.49,18.363894,18.545008,18.03482
SDSS J133205.63+274003.9,8303.0,,13.88197532,72.04,17.143772,17.230665,17.000004
SDSS J135532.73+455319.1,8081.0,,10.13360658,98.68,17.902485,17.982277,17.741821
SDSS J140641.03+340200.3,6817.0,,10.05607573,99.44,17.75401,17.912039,17.484205
SDSS J144006.80+095835.4,8209.0,,13.73716811,72.80,17.23622,17.317076,17.08956
SDSS J145725.27+210747.3,5768.0,,11.90386263,84.01,18.705761,19.070534,18.256617
SDSS J145731.12+333127.1,8671.0,,10.84840044,92.18,17.453382,17.512197,17.348598
SDSS J150126.78+210056.9,5724.0,,10.95639334,91.27,18.21274,18.584156,17.687656
SDSS J151734.42+225618.7,7318.0,,12.60378285,79.34,17.749887,17.888014,17.54406
SDSS J155155.26+082431.7,6765.0,,13.99302012,71.46,17.85264,18.054869,17.549335
SDSS J160935.86+065511.9,6721.0,,11.61319701,86.11,17.892939,18.028288,17.607786
SDSS J161653.36+392444.4,7328.0,,10.72429302,93.25,18.181545,18.333012,17.979733
SDSS J161847.38+061155.2,8259.0,,12.77455578,78.28,18.215816,18.304205,18.073109
SDSS J162004.03+180912.6,7821.0,,10.09204858,99.09,18.01045,18.127783,17.816881
SDSS J162236.21+300455.0,15878.0,,13.38887964,74.69,17.066494,16.979721,17.231743
SDSS J164143.31+483301.6,7645.0,,10.81072234,92.50,18.01106,18.139488,17.758938
SDSS J165436.86+315754.4,7156.0,,15.73779045,63.54,17.38318,17.533165,17.14394
SDSS J180302.57+232043.3,4230.0,,14.90272934,67.10,19.166016,19.737272,18.108139
SDSS J183500.21+642917.0,6538.0,,18.82911092,53.11,17.2495,17.441177,16.857117
SDSS J211130.04-003628.7,7012.0,,10.94874785,91.33,18.165874,18.319056,17.910482
SDSS J215652.94+055925.1,6547.0,,10.25666889,97.50,18.538902,18.740694,18.266294
SDSS J221850.23+212303.7,7939.0,,10.30376442,97.05,17.878328,17.994625,17.720854
SDSS J230249.37+243027.9,6615.0,,13.67297791,73.14,17.948965,18.147303,17.644314
USNO-B1.0 0948-00255808,5777.0,,14.85446315,67.32,18.282309,18.642025,17.81361
USNO-B1.0 0977-00289412,8016.0,,14.23522536,70.25,17.235344,17.318785,17.067314
WD 0003+177,7405.0,,17.42445071,57.39,16.96068,17.088305,16.749651
WD 0016+022,9313.0,,13.15692512,76.01,17.071184,17.125013,16.976994
WD 0029-449,8519.0,,15.0213459,66.57,16.835142,16.896952,16.725416
WD 0030+145,5821.0,,15.53623882,64.37,18.147875,18.464256,17.691925
WD 0038+730,9447.0,,17.8771,55.94,16.0893,16.1088,16.0418
WD 0042-23,11540.0,,21.17261178,47.23,16.645733,16.65019,16.640175
WD 0151+138,6475.0,,16.10334946,62.10,17.639765,17.863459,17.305576
WD 0312-084,8948.0,,14.29101787,69.97,16.81723,16.873325,16.741465
WD 0442-304,9949.0,,19.95174715,50.12,15.959125,15.994479,15.889663
WD 0604-198,7916.0,,14.65909385,68.22,17.130867,17.224085,16.967533
WD 0805+468,5393.0,,10.29153097,97.17,19.507458,20.0005,18.875883
WD 0811+250,8086.0,,17.04769293,58.66,16.850407,16.935518,16.679893
WD 0933+006,5581.0,,12.766574,78.33,19.149164,19.751741,18.362156
WD 0937+023,7185.0,,19.22574784,52.01,17.103537,17.249063,16.84944
WD 1111+020,5226.0,,23.19346223,43.12,18.479656,18.79749,17.849932
WD 1145+080,8782.0,,23.26007577,42.99,15.847028,15.911273,15.723575
WD 1146-011,9875.0,,14.66043102,68.21,17.374176,17.403704,17.327059
WD 1149-272,6773.0,-3.58,39.72302218,25.17,15.725413,15.922527,15.382377
WD 1156+132,6469.0,,16.04208336,62.34,17.783278,18.017828,17.382254
WD 1157-462,7101.0,-3.3,15.84698415,63.1035,17.4569149,17.59388161,17.17651749
WD 1200+651,12700.0,,11.47341201,87.16,17.627972,17.599577,17.697033
WD 1235+422,5229.0,-3.64,27.71204139,36.09,17.12868,17.542414,16.563667
WD 1242-348,8743.0,,44.98155366,22.23,14.534018,14.600425,14.395452
WD 1300-355,7920.0,,34.73975404,28.79,15.696281,15.801022,15.488517
WD 1309+296,5427.0,,18.3332148,54.55,18.43379,19.101223,17.645227
WD 1331+005,5180.0,,24.45334499,40.89,18.47815,18.914152,17.828213
WD 1338+027,5843.0,,24.96425543,40.06,17.377224,17.75043,16.828342
WD 1353+000,6400.0,,12.69493775,78.77,18.309206,18.536417,17.938711
WD 1440+404,5379.0,,12.58562287,79.46,18.879343,19.310019,18.34824
WD 1445-005,6844.0,,11.07846028,90.27,18.263168,18.39827,17.967312
WD 1633+572,6126.0,-3.74,67.35385415,14.85,14.848741,15.107671,14.422666
WD 1641+732,8485.0,,18.6764,53.54,16.4867,16.5608,16.3388
WD 1831+19,7295.0,-3.12,25.46875757,39.26,16.341238,16.488081,16.075098
WD 2050-072,6632.0,,10.40876137,96.07,18.79015,19.05235,18.386332
WD 2229-080,6033.0,,18.39207371,54.37,17.8957,18.192348,17.375095
WIRED J124911.87+340705.5,8402.0,,14.02974966,71.28,17.085812,17.16085,16.962603
WIRED J171255.01+355914.5,8309.0,,14.13725098,70.74,17.055658,17.145971,16.935942
Wolf 1516,8752.0,-3.11,59.66056792,16.76,13.782736,13.830946,13.673626
Wolf 219,6837.0,-3.58,52.95773472,18.88,15.057756,15.246795,14.71874
[VV98b] J093937.9+520146,8544.0,,13.64657495,73.28,17.143621,17.2094,17.01019
